Time,SS-RSRP,SS-RSRQ,SINR,DL Throughput[Mbps]
48:37.0,-83.74,-13.13,19.23,78.84
48:38.0,-84.83,-12.63,17.1,59.14
48:39.0,-85.74,-12.3,15.54,55.933
48:40.0,-86.16,-12.24,14.02,54.699
48:41.0,-85.67,-12.07,14.59,57.11
48:42.0,-84.59,-12.09,16.24,62.125
48:43.0,-85.94,-12,13.51,52.54
48:44.0,-85.62,-11.6,12.74,51.736
48:45.0,-86.92,-12.51,10.68,48.314
48:46.0,-87.75,-12.46,9.42,46.151
48:47.0,-89.6,-12.57,10.58,44.75
48:48.0,-87.92,-11.81,14.61,54.173
48:49.0,-87.81,-11.72,15.74,58.171
48:50.0,-86.94,-10.46,20.19,70.243
48:51.0,-88.27,-10.85,19.38,76.817
48:52.0,-86.8,-11.16,22.52,91.306
48:53.0,-88.56,-11.18,22.42,81.772
48:54.0,-89.06,-11.14,20.85,72.382
48:55.0,-83.64,-10.57,25.89,99.862
48:56.0,-83.95,-10.78,24.19,81.572
48:57.0,-87.84,-11.08,19.15,69.575
48:58.0,-88.35,-10.84,19.52,57.665
48:59.0,-89.03,-10.75,21.49,72.26
49:00.0,-85.1,-10.36,24.15,98.367
49:01.0,-81.15,-10.42,27.4,108.329
49:02.0,-84.59,-11.53,25.03,78.76
49:03.0,-86.34,-11.24,23.96,78.023
49:04.0,-87.25,-10.89,23.33,76.664
49:05.0,-86.49,-10.22,24.05,81.37
49:06.0,-89.62,-10.68,21.11,86.046
49:07.0,-88.62,-10.94,21.64,80.64
49:08.0,-89.88,-10.61,19.87,68.182
49:09.0,-90.13,-12.04,19.11,67.828
49:10.0,-92.92,-11.28,15.47,56.823
49:11.0,-91.79,-11.74,14.52,53.639
49:12.0,-89.92,-11.08,13.69,50.777
49:13.0,-90.27,-12.41,10.45,50.637
49:14.0,-93.28,-13.52,4.33,24.313
49:15.0,-93.52,-12.98,3.76,26.43
49:16.0,-95.82,-17.86,-4.62,35.221
49:16.6,,,,
49:17.0,-84.52,-11.69,20.63,87.238
49:18.0,-91.15,-12.14,16.37,62.27
49:19.0,-85.09,-12.32,22.87,118.368
49:20.0,-85.2,-12.03,23.34,128.058
49:21.0,-88.7,-12.12,22.64,122.822
49:22.0,-94.78,-11.63,17.17,78.077
49:23.0,-98.4,-11.62,14.59,65.137
49:24.0,-100.72,-12.2,13.05,61.079
49:25.0,-101.82,-13.1,8.15,44.309
49:26.0,-102.31,-14.33,4.81,31.477
49:27.0,,,,
49:27.0,-92.1,-13.89,11,46.675
49:28.0,-96.35,-14.78,8.74,45.063
49:29.0,-95.4,-14.22,10.27,45.089
49:30.0,-94.01,-13.3,11.63,49.215
49:31.0,-92.28,-13.23,13.61,56.629
49:32.0,-91.89,-13.27,15.05,56.491
49:33.0,-77.88,-14.25,25.56,113.266
49:34.0,-73.45,-14.24,26.61,124.594
49:35.0,-73.61,-14.22,26.65,135.133
49:36.0,-71.42,-14.23,27.8,139.804
49:37.0,-71.75,-15.01,26.58,88.476
49:38.0,-71.3,-14.35,26.44,124.286
49:39.0,-71.47,-13.69,26.92,158.894
49:40.0,-73.21,-13.53,26.62,158.979
49:41.0,-74.44,-13.39,26.35,159.322
49:42.0,-73.45,-13.29,26.48,159.428
49:43.0,-72.97,-13.22,26.35,159.609
49:44.0,-72.04,-13.07,26.7,159.322
49:45.0,-71.8,-13.07,26.9,159.422
49:46.0,-70.27,-13.03,27.15,159.264
49:47.0,-70.48,-12.85,27.15,159.187
49:48.0,-72.51,-12.8,26.41,159.362
49:49.0,-73.63,-12.88,27,159.152
49:50.0,-73.17,-12.88,25.4,158.876
49:51.0,-72.83,-12.82,25.68,159.425
49:52.0,-74.73,-12.8,25.61,159.447
49:53.0,-80.9,-12.02,23.57,127.929
49:54.0,-79.78,-12.53,26.56,118.735
49:55.0,-79.78,-12.26,27.07,145.103
49:56.0,-79.11,-13.18,26.72,109.722
49:57.0,-79.18,-12.08,26.65,142.129
49:58.0,-83.58,-13.4,24.79,118.271
49:59.0,-87.26,-12.38,23.06,96.2
50:00.0,-85.24,-12.63,21.31,110.48
50:01.0,-76.99,-12.87,26.39,159.085
50:02.0,-79.23,-13.23,25.94,127.614
50:03.0,-85.65,-12.34,23.94,99.701
50:04.0,-89.12,-12.45,22.41,90.32
50:05.0,-88.02,-12.11,22.01,96.628
50:06.0,-88.23,-12.02,22.46,108.955
50:07.0,-89.25,-12.52,22.03,90.195
50:08.0,-87.91,-12.08,23.9,106.334
50:09.0,-82.42,-12.36,26.37,127.151
50:10.0,-80.53,-12.17,27.17,128.324
50:11.0,-78.79,-12.79,26.88,129.542
50:12.0,-78.86,-13.28,26.75,135.646
50:13.0,-79.37,-13.59,24.67,115.519
50:14.0,-77.69,-11.27,25.6,109.309
50:15.0,-80.88,-10.73,25.98,114.459
50:16.0,-82.58,-11.43,25.61,120.358
50:17.0,-81.65,-11.67,24.87,117.886
50:18.0,-82.42,-12.11,24.65,106.569
50:19.0,-82.97,-12.91,24.41,99.243
50:20.0,-83.85,-12.78,23.28,85.037
50:21.0,-85,-11.65,22.42,82.782
50:22.0,-83.65,-11.82,23.08,78.43
50:23.0,-86.48,-11.03,21.36,69.198
50:24.0,-90.58,-10.71,18.63,62.383
50:25.0,-91.86,-10.28,17.95,57.454
50:26.0,-92.21,-10.16,17.83,56.59
50:27.0,-90.15,-9.79,18.4,56.453
50:28.0,-86.62,-12.68,18.65,78.823
50:29.0,-84.89,-14.08,19.55,90.961
50:30.0,-85.76,-13.98,19,99.357
50:31.0,-85.46,-14.86,18.59,95.076
50:32.0,-87.43,-15.37,16.22,87.286
50:33.0,-85.95,-15.37,16.49,80.466
50:34.0,-83.45,-15.44,17.55,93.976
50:35.0,-86.13,-15.42,16.66,87.132
50:36.0,-86.69,-16.28,16.55,93.498
50:37.0,-87.98,-16.36,15.46,103.857
50:38.0,-94.93,-16.47,10.1,56.91
50:39.0,-97.31,-17.34,7.96,54.318
50:40.0,-99.16,-18.23,0.4,23.768
50:41.0,-98.86,-16.73,5.89,45.195
50:42.0,-98.8,-17.43,8.06,51.882
50:43.0,-97.95,-17.31,7.09,46.207
50:44.0,-96.93,-17.59,7,46.416
50:45.0,-93.58,-17.48,8.25,59.205
50:46.0,-90.01,-16.92,12.06,72.784
50:47.0,-90.71,-16.81,11.36,62.392
50:48.0,-90.26,-17.16,9.79,67.656
50:49.0,-88.04,-16.98,12.57,92.026
50:50.0,-83.78,-17.73,14.18,122.544
50:51.0,-81.23,-18.02,13.97,124.327
50:52.0,-81.05,-18.18,13.2,119.174
50:53.0,-80,-18.04,12.96,122.023
50:54.0,-78.01,-18.14,14.87,127.151
50:55.0,-78.2,-18.05,13.53,117.288
50:56.0,-82.72,-18,9.59,83.989
50:57.0,-85.79,-17.02,7.44,54.73
50:58.0,-84.75,-16.97,8.89,68.355
50:59.0,-81.82,-17.08,15.77,111.67
51:00.0,-79.54,-16.98,15.75,112.1
51:01.0,-78.47,-16.17,15.53,86.647
51:02.0,-78.64,-15.79,16.54,91.368
51:03.0,-76.24,-16.56,15.9,110.649
51:04.0,-78.87,-17.08,13.13,91.37
51:05.0,-78.83,-16.59,16.1,100.344
51:06.0,-73.47,-16.25,17.6,111.198
51:07.0,-71.81,-15.82,15.74,105.255
51:08.0,-75.92,-15.2,15.18,81.6
51:09.0,-76.32,-16.25,13.52,97.317
51:10.0,-79.38,-15.57,11.76,74.722
51:11.0,-82.43,-14.72,11.37,61.587
51:12.0,-79.65,-14.1,15.13,69.179
51:13.0,-73.18,-14.68,17.8,101.64
51:14.0,-70.94,-15.5,13.92,107.381
51:15.0,-71.33,-15.28,12.97,98.708
51:16.0,-73.52,-15.51,13.93,101.809
51:17.0,-72.6,-15.45,16.99,119.895
51:18.0,-75.86,-15.3,16.15,104.938
51:19.0,-77.23,-15.22,14.26,82.23
51:20.0,-76.06,-14.81,14.92,89.444
51:21.0,-73.11,-15.4,17.44,96.918
51:22.0,-71.28,-15.27,18.95,115.37
51:23.0,-72.48,-15.48,15.48,105.518
51:24.0,-71.83,-16.18,17.46,77.293
51:25.0,-74.11,-14.46,14.31,59.225
51:26.0,-71.84,-14.73,14.51,65.571
51:27.0,-70.73,-14.34,13.3,72.16
51:28.0,-70.57,-15.08,11.2,71.132
51:29.0,-70.38,-14.47,12.72,85.261
51:30.0,-75.11,-14.13,13.72,59.463
51:31.0,-83.58,-12.81,18.84,77.107
51:32.0,-83.3,-12.42,19.85,78.941
51:33.0,-75.2,-14.29,21.86,76.547
51:34.0,-68.11,-13.35,21.35,101.741
51:35.0,-75.36,-11.97,20.48,83.401
51:36.0,-82.18,-10.88,22.1,82.004
51:37.0,-81.22,-10.39,22.43,86.454
51:38.0,-76.73,-10.76,24.91,94.408
51:39.0,-78.31,-9.9,25.03,94.03
51:40.0,-76.12,-11.45,26.92,83.999
51:41.0,-74.05,-11.27,27.13,92.14
51:42.0,-70.43,-10.97,27.13,95.143
51:43.0,-69.4,-10.75,27.32,104.447
51:44.0,-68.23,-10.84,29.19,133.902
51:45.0,-68.25,-11.7,29.31,142.926
51:46.0,-71.62,-11.95,28.08,131.457
51:47.0,-69.92,-12.43,27.07,152.803
51:48.0,-69.77,-12.39,26.97,149.379
51:49.0,-70.95,-12.22,27.4,153.812
51:50.0,-77.32,-11.02,28.02,129.958
51:51.0,-79.96,-10.36,26.58,110.082
51:52.0,-83.09,-10.3,25.83,103.447
51:53.0,-84.56,-9.97,26.25,108.155
51:54.0,-83.72,-9.22,26.04,90.383
51:55.0,-82.5,-8.65,26.34,103.346
51:56.0,-80.58,-8.46,25.69,82.309
51:57.0,-79.18,-8.58,26.77,81.34
51:58.0,-79.61,-9.46,27.43,91.921
51:59.0,-80.62,-10.53,25.79,89.457
52:00.0,-82.19,-10.42,26.88,102.12
52:01.0,-81.81,-10.41,27.03,125.053
52:02.0,-83.09,-10.33,27.15,122.135
52:03.0,-83.99,-10.31,26.02,116.178
52:04.0,-80.67,-10.26,27.64,123.446
52:05.0,-79.63,-10.11,27.51,119.336
52:06.0,-75.96,-10.33,29.09,124.636
52:07.0,-75.93,-9.93,29.4,132.568
52:08.0,-74.74,-9.97,29.35,113.329
52:09.0,-78.8,-9.88,27.95,105.648
52:10.0,-81.68,-10.07,25.12,90.12
52:11.0,-84.61,-10.46,23.06,69.602
52:12.0,-83.21,-10.15,23.85,93.421
52:13.0,-84.38,-9.92,23.02,75.435
52:14.0,-83.39,-9.6,23.44,82.461
52:15.0,-84.79,-9.98,21.57,71.505
52:16.0,-85.42,-9.88,19.65,63.588
52:17.0,-85.98,-10.88,19.54,65.474
52:18.0,-87.97,-11.13,17.09,60.399
52:19.0,-87.3,-10.15,16.93,60.934
52:20.0,-88.95,-11.26,14.38,59.167
52:21.0,-88.52,-12,13.8,55.921
52:22.0,-87.89,-12.33,14.88,56.903
52:23.0,-85.79,-12.41,13.67,57.207
52:24.0,-86.81,-12.74,11.62,55.988
52:25.0,-88.39,-11.91,12.19,52.707
52:26.0,-89.16,-11.74,10.77,49.719
52:27.0,-89.35,-12.22,9.09,38.501
52:28.0,-89.51,-12.2,10.52,43.315
52:29.0,-88.81,-11.29,12.52,47.935
52:30.0,-88.2,-11.58,14.52,55.462
52:31.0,-88.59,-11.19,14.87,54.271
52:32.0,-88.31,-10.91,16.64,61.272
52:33.0,-88.38,-11.48,15.11,52.76
52:34.0,-86.94,-11.82,17.21,60.835
52:35.0,-89.06,-11.75,16.66,61.023
52:36.0,-88.11,-10.98,17.28,59.514
52:37.0,-85.42,-11.07,17.82,66.64
52:38.0,-87.48,-11.42,15.8,60.256
52:39.0,-83.53,-12.05,19.18,75.557
52:40.0,-83.66,-12.08,19.14,74.145
52:41.0,-83.52,-11.7,20.38,73.986
52:42.0,-86.25,-11.61,17.89,65.94
52:43.0,-82.9,-12.85,20.9,78.379
52:44.0,-86.36,-12.2,17.37,61.453
52:45.0,-86.28,-11.81,19.31,65.641
52:46.0,-85.13,-10.9,21.34,71.041
52:47.0,-83.6,-11.09,21.01,82.329
52:48.0,-84.3,-10.7,20.78,78.542
52:49.0,-82.21,-10.42,22.89,81.505
52:50.0,-82.41,-10.3,23.36,81.042
52:51.0,-83.44,-10.26,23.9,90.496
52:52.0,-81.43,-10.55,25.28,86.984
52:53.0,-78.84,-10.81,27.1,87.565
52:54.0,-80.66,-10.86,25.25,82.723
52:55.0,-80.31,-10.67,24.37,78.942
52:56.0,-79.11,-9.83,25.23,86.301
52:57.0,-79.82,-9.53,24.72,100.941
52:58.0,-73.17,-9.52,27.63,101.625
52:59.0,-74.5,-9.12,26.08,81.991
53:00.0,-65.13,-9.95,26.26,96.928
53:01.0,-59.95,-9.68,26.31,112.79
53:02.0,-57.77,-9.91,27.2,150.93
53:03.0,-67.06,-9.13,27.75,101.066
53:04.0,-68.48,-8.27,27.41,99.976
53:05.0,-66.37,-8.61,27.8,118.199
53:06.0,-65.83,-8.94,28.32,115.273
53:07.0,-70.69,-8.91,27.77,115.119
53:08.0,-65.88,-9.36,27.68,122.578
53:09.0,-66.35,-9.83,27.52,113.846
53:10.0,-65.66,-9.88,26.75,123.031
53:11.0,-58.42,-9.86,26.76,126.581
53:12.0,-59.36,-10.11,27.16,149.167
53:13.0,-61.2,-10.57,27.17,141.202
53:14.0,-66.18,-11.1,25.79,121.135
53:15.0,-66.81,-11.16,27.13,113.259
53:16.0,-69.63,-11,26.86,134.517
53:17.0,-67.4,-12.54,28.2,135.006
53:18.0,-60.88,-13.42,28.88,146.475
53:19.0,-59.05,-14.76,26.68,153.156
53:20.0,-61.77,-14.83,27.67,157.995
53:21.0,-63.6,-14.54,27.22,155.9
53:22.0,-63.6,-14.34,27.69,158.986
53:23.0,-64.33,-15.76,26.72,156.985
53:24.0,-67.04,-21.33,23.02,159.186
53:25.0,-72.53,-24.67,19.85,156.319
53:26.0,-76.03,-24.64,17.69,144.769
53:27.0,-77.95,-22.94,18.86,150.761
53:28.0,-78.92,-21.59,20.16,146.38
53:29.0,-78.3,-21.46,18.54,115.455
53:30.0,-78.68,-18.43,19.49,79.466
53:31.0,-78.52,-15.82,19.97,79.648
53:32.0,-78.86,-12.79,18.61,78.969
53:33.0,-78.63,-12.15,17.49,76.079
53:34.0,-79.03,-11.22,15.54,65.701
53:35.0,-75.12,-9.5,16.87,61.323
53:36.0,-74.86,-9.49,15.7,65.255
53:37.0,-74.31,-11.76,14.97,77.186
53:38.0,-70.73,-12,17.39,97.746
53:39.0,-73.41,-13.84,18.89,109.123
53:40.0,-76.36,-20.15,14.09,114.993
53:41.0,-81.02,-18.43,16.59,91.274
53:42.0,-82.66,-19.22,21.09,78.907
53:43.0,-84.7,-15.41,20.18,71.172
53:44.0,-84.29,-11.8,21.55,70.454
53:45.0,-86.59,-11.85,20.04,59.495
53:46.0,-87.98,-12.11,18.55,55.305
53:47.0,-90.64,-12.71,18.42,55.349
53:48.0,-91.64,-19.68,13.75,72.48
53:49.0,-90.33,-19.68,14.85,74.463
53:50.0,-90.03,-19.71,16.62,73.745
53:51.0,-89.17,-20.46,16.87,77.511
53:52.0,-90.75,-20.51,15.3,73.481
53:53.0,-90.78,-20.86,14.01,70.474
53:54.0,-89.06,-17.87,12.12,48.104
53:55.0,-84.51,-13.26,19.06,69.297
53:56.0,-85.47,-14.46,20.3,72.665
53:57.0,-86.8,-17.13,18.86,59.717
53:58.0,-82.5,-13.87,8.19,67.062
53:59.0,-81.66,-13.97,18.32,77.525
54:00.0,-82.71,-13.32,9.94,64.592
54:01.0,-80.7,-15.2,12.69,79.095
54:02.0,-79.1,-14.63,14.54,92.469
54:03.0,-78.9,-15.44,15.04,74.447
54:04.0,-79.96,-15.12,15.57,83.341
54:05.0,-83.97,-14.86,13.86,81.977
54:06.0,-88.87,-14.29,11.88,66.67
54:07.0,-88.15,-14.13,12.19,72.823
54:08.0,-88.34,-12,14.54,55.443
54:09.0,-90.23,-12.51,14.37,74.757
54:10.0,-89.1,-11.55,15.21,73.227
54:11.0,-86.42,-9.85,18.46,69.31
54:12.0,-82.82,-8.77,21.7,68.55
54:13.0,-83.36,-10.16,20.93,75.424
54:14.0,-85.6,-9.49,19.38,49.87
54:15.0,-85.35,-10.66,19.91,84.466
54:16.0,-82.18,-10.23,20.88,70.16
54:17.0,-84.98,-11.34,19.47,75.811
54:18.0,-85.38,-12.81,21.38,80.277
54:19.0,-83.15,-11.83,22.09,81.256
54:20.0,-87.99,-11.56,19.22,67.374
54:21.0,-88.42,-10.24,18.09,39.094
54:22.0,-88.99,-10.32,16.38,49.27
54:23.0,-89.38,-9.85,15.7,36.882
54:24.0,-90.71,-9.7,14.16,29.275
54:25.0,-90.03,-9.69,13.56,31.661
54:26.0,-91.59,-9.5,11.11,30.892
54:27.0,-94.15,-9.61,11.28,20.266
54:28.0,-92.78,-9.18,15.3,52.674
54:29.0,-94.36,-10.56,19.17,54.487
54:30.0,-89.61,-11.36,12.92,41.733
54:31.0,-95.14,-12.34,13.48,41.433
54:32.0,-96.78,-14.32,9.92,64.463
54:33.0,-98.38,-13.65,14.13,64.08
54:34.0,-98.17,-12.52,10.95,50.296
54:35.0,-99.55,-10.99,8.76,22.763
54:36.0,-100.1,-13.85,13.85,49.278
54:37.0,-100.51,-13.45,14.21,53.792
54:38.0,-101.58,-14.01,13.56,56.358
54:39.0,-101.51,-14.01,12.32,53.678
54:40.0,-101.83,-14.27,11.4,45.698
54:41.0,-101.83,-14.16,11.87,50.872
54:42.0,-102.47,-13.76,12.65,44.579
54:43.0,-101.82,-12.29,13.88,27.827
54:44.0,-102.38,-12.85,12.89,26.235
54:45.0,-102.27,-12.55,13.04,26.004
54:46.0,-103.12,-12.6,12.59,19.161
54:47.0,-104.35,-13.63,11.05,20.868
54:48.0,-104.4,-14.33,10.02,19.172
54:49.0,-97.1,-11.21,15.65,33.81
54:50.0,-95.43,-12.44,10.26,50.704
54:51.0,-94.47,-12.97,12.1,42.998
54:52.0,-93.59,-13.36,7.87,47.089
54:53.0,-92.32,-14.2,8.9,58.081
54:54.0,-87.52,-14.44,12.04,71.532
54:55.0,-87.01,-14.57,10.71,66.993
54:56.0,-86.51,-13.86,9.48,57.27
54:57.0,-87.36,-13.72,8.68,45.723
54:58.0,-86.82,-13.22,9.7,53.994
54:59.0,-90.1,-13.63,11.3,54.798
55:00.0,-90.84,-13,8.02,49.732
55:01.0,-90.32,-13.72,6.66,48.497
55:02.0,-91.22,-13.8,12.57,46.111
55:03.0,-90.69,-13.05,10.91,41.048
55:04.0,-91.51,-14.15,8.2,45.806
55:05.0,-90.51,-13.66,11.8,56.944
55:06.0,-92.15,-13.88,13.8,49.234
55:07.0,-91.49,-13.61,13.84,56.363
55:08.0,-88.86,-13.57,10.67,59.238
55:09.0,-89.21,-13.93,4.75,39.18
55:10.0,-90.35,-14.6,0.96,29.442
55:11.0,-90.05,-13.57,5.51,32.103
55:12.0,-88.96,-12.81,11.77,50.277
55:13.0,-89.43,-12.81,11.25,48.66
55:14.0,-91.56,-13.9,12.12,50.225
55:15.0,-91.82,-15.92,12.32,59.934
55:16.0,-91.54,-15.19,12.74,54.56
55:17.0,-91.01,-15.26,11.23,53.076
55:18.0,-89.25,-16.14,12.25,61.266
55:19.0,-91.72,-16.07,11.03,57.452
55:20.0,-91.37,-15.91,12.17,63.701
55:21.0,-90.23,-15.35,13.86,68.878
55:22.0,-89.4,-14.18,13.54,55.343
55:23.0,-84.72,-15.01,18.26,73.358
55:24.0,-83.94,-14.72,18.66,69.632
55:25.0,-86.59,-13.39,15.63,63.824
55:26.0,-88.3,-13.5,14.53,61.143
55:27.0,-86.01,-12.4,11.06,63.767
55:28.0,-82.94,-13.4,13.14,71.373
55:29.0,-83.14,-13.68,13.91,74.613
55:30.0,-79.23,-13.77,13.99,75.202
55:31.0,-78.31,-13.02,16.03,94.38
55:32.0,-80.59,-13.28,14.63,87.732
55:33.0,-76.88,-12.88,15.14,80.396
55:34.0,-82.48,-13.07,13.27,70.717
55:35.0,-83.81,-12.38,13.49,69.517
55:36.0,-79.67,-13.34,12.98,75.147
55:37.0,-85.68,-12.55,10.37,61.906
55:38.0,-90.49,-13.11,7.61,45.221
55:39.0,-90.49,-13.05,7.36,43.954
55:40.0,-90.73,-12.9,8.25,44.529
55:41.0,-89.96,-13.79,8.48,50.734
55:42.0,-90.83,-13.29,7.38,40.585
55:43.0,-93.48,-12.62,5.02,26.697
55:44.0,-94.05,-12.13,5.2,26.024
55:45.0,-93.77,-11.65,6.12,27.913
55:46.0,-93.26,-10.59,7.18,24.725
55:47.0,-89.06,-8.32,12.39,25.071
55:48.0,-90.35,-10.07,10.87,30.524
55:49.0,-92.06,-13.31,8.54,37.455
55:50.0,-92.93,-12.75,8.21,34.951
55:51.0,-89.92,-12.09,10.75,39.286
55:52.0,-86.82,-13.16,14.16,54.533
55:53.0,-86.01,-12.48,14.46,52.535
55:54.0,-87.51,-12.55,12.58,51.127
55:55.0,-91.75,-13.19,9.06,39.248
55:56.0,-91.74,-13.19,8.95,38.569
55:57.0,-92.21,-13.78,10.07,45.76
55:58.0,-93.44,-13.74,7.3,36.296
55:59.0,-94.47,-13.24,6.33,30.217
56:00.0,-94,-13.83,6.9,31.439
56:01.0,-93.42,-13.53,5.71,26.035
56:02.0,-88.28,-11.89,10.73,36.81
56:03.0,-89.96,-12.46,6.48,23.349
56:04.0,-94.51,-14.28,1.46,15.535
56:05.0,-95.09,-17.86,-4.01,29.53
56:06.0,-91.18,-10.49,16.9,43.521
56:07.0,-87.14,-10.12,18.43,55.16
56:08.0,-90.47,-10.52,16.12,43.846
56:09.0,-89.19,-10.83,17.81,46.31
56:10.0,-88.02,-10.28,18.88,46.149
56:11.0,-87.5,-10.29,17.85,45.317
56:12.0,-83.23,-10.45,19.87,44.711
56:13.0,-77.45,-9.97,23.08,60.565
56:14.0,-78.23,-9.83,21.78,65.861
56:15.0,-76.55,-10.14,22.97,81.429
56:16.0,-77.92,-9.95,20.67,72.283
56:17.0,-79.06,-10.2,21.3,61.923
56:18.0,-81,-10.7,21.07,56.589
56:19.0,-84.51,-12.09,18.72,45.758
56:20.0,-85.53,-13.33,16.72,28.625
56:21.0,-77.39,-10.89,11.59,38.411
56:22.0,-77.1,-15.37,12.58,56.239
56:23.0,-75.43,-15.6,13.48,64.113
56:24.0,-76.23,-14.83,13.33,63.772
56:25.0,-76.74,-15.5,13.88,65.352
56:26.0,-71.67,-16.48,15.19,71.432
56:27.0,-68.39,-16.44,14.14,74.139
56:28.0,-71.57,-17.8,11.15,65.756
56:29.0,-73.78,-17.17,9.71,61.786
56:30.0,-73.29,-11.38,12.34,44.396
56:31.0,-76.47,-9.08,14.83,39.644
56:32.0,-77.89,-10.87,18.77,58.498
56:33.0,-75.63,-9.52,21.19,58.097
56:34.0,-79.3,-7.58,20.33,47.221
56:35.0,-81.22,-8.4,19.91,45.814
56:36.0,-82.51,-10.4,20.9,65.705
56:37.0,-84.17,-9.28,19.64,54.357
56:38.0,-85.63,-8.81,17.93,47.596
56:39.0,-84.56,-8.26,15.95,36.605
56:40.0,-83.09,-8.5,14.4,30.828
56:41.0,-80.54,-15.84,14.53,73.53
56:42.0,-79.34,-16.32,13.91,77.778
56:43.0,-81.02,-15.56,13.08,61.084
56:44.0,-78.9,-15.96,14.38,58.338
56:45.0,-76.66,-16.45,12.91,58.112
56:46.0,-76.67,-17.09,11.85,57.615
56:47.0,-75.43,-17.86,12.91,73.144
56:48.0,-80.88,-16.95,13.86,65.696
56:49.0,-81.37,-18.85,13.8,59.477
56:50.0,-86.32,-16.29,12.02,55.829
56:51.0,-86.7,-16.29,12.51,56.431
56:52.0,-85.14,-13.82,11.09,50.72
56:53.0,-87.73,-14.07,9.07,48.106
56:54.0,-88.07,-13.81,8.42,47.077
56:55.0,-86.73,-22.02,8.36,67.667
56:56.0,-84.69,-21.42,7.45,56.765
56:57.0,-83.64,-21.11,6.86,56.248
56:58.0,-87.37,-22.11,5.3,74.511
56:59.0,-89.42,-21.9,5.83,66.287
57:00.0,-89,-21.72,6.19,56.092
57:01.0,-87.29,-21.77,7.88,63.637
57:02.0,-87.61,-22.07,8.29,74.199
57:03.0,-88.64,-21.06,8.37,80.07
57:04.0,-87.01,-21.46,8.72,72.828
57:05.0,-85.87,-20.35,8.66,64.462
57:06.0,-86.44,-22.44,7.17,67.659
57:07.0,-93.08,-13.85,1.19,8.939
57:08.0,-92.69,-17.25,-2.25,42.623
57:09.0,-80.1,-21.55,9.64,67.66
57:10.0,-78.22,-22.51,9.47,77.896
57:11.0,-81.44,-22.07,8.34,74.176
57:12.0,-82.89,-21.65,7.76,69.313
57:13.0,-83.29,-21.98,7.59,69.398
57:14.0,-81.5,-21.66,8.31,72.18
57:15.0,-80.14,-22.02,6.98,72.883
57:16.0,-80.63,-21.7,7.74,73.831
57:17.0,-82.31,-20.7,8.73,81.138
57:18.0,-80.54,-20.59,8.98,84.427
57:19.0,-78.44,-21.02,9.5,77.484
57:20.0,-81.16,-21.13,8.4,72.966
57:21.0,-81.23,-20.59,8.4,75.32
57:22.0,-79.19,-20.56,8.58,75.514
57:23.0,-79.42,-20.1,8.9,73.275
57:24.0,-77.83,-19.3,8.62,94.095
57:25.0,-79.33,-19.22,9.44,96.487
57:26.0,-83.74,-19.01,9.76,93.889
57:27.0,-84.76,-19.22,8.65,83.311
57:28.0,-87.07,-19.53,8.85,75.754
57:29.0,-87.61,-18.75,9.87,86.875
57:30.0,-90.19,-19.15,8.96,66.492
57:31.0,-89.92,-18.83,8.17,62.33
57:32.0,-91.78,-18.7,8.12,57.421
57:33.0,-89.32,-20.15,8.36,58.739
57:34.0,-89.29,-19.32,10.53,67.388
57:35.0,-97.42,-18.62,4.31,33.059
57:36.0,-96.39,-18.45,6.13,45.882
57:37.0,-99.22,-18.69,5.57,38.193
57:38.0,-97.7,-18,6.28,42.631
57:39.0,-101.75,-18.42,4.47,22.069
57:40.0,-97.53,-16.02,7.31,39.314
57:41.0,-97.52,-16.41,7.8,42.859
57:42.0,-97.72,-16.16,8.93,44.488
57:43.0,-95.21,-15.45,11.15,45.9
57:44.0,-94.58,-15.33,12.38,53.834
57:45.0,-89.11,-16.68,15.86,76.06
57:46.0,-97.1,-16.57,7.76,44.504
57:47.0,-99.08,-16.72,7.59,45.667
57:48.0,-100.05,-16.88,5.62,40.628
57:49.0,-102.07,-17.75,3.31,38.281
57:50.0,-101.64,-17.65,5.44,38.211
57:51.0,-101.51,-17.36,6.94,42.181
57:52.0,-99.71,-17.59,7.23,43.173
57:53.0,-100.64,-17.24,6.62,38.701
57:54.0,-102.84,-17.27,6.33,38.554
57:55.0,-104.38,-17.15,6.54,39.439
57:56.0,-106.87,-17.54,6.71,42.355
57:57.0,-107.38,-16.96,7.64,43.197
57:58.0,-108.4,-17.08,7.92,36.831
57:59.0,-110.81,-17.2,7.59,34.817
58:00.0,-113.56,-17.91,5.78,23.971
58:01.0,-115.53,-18.25,4.7,23.893
58:02.0,-115.29,-17.91,5.37,29.246
58:03.0,-114.36,-17.03,6.78,35.533
58:04.0,-115.48,-17.52,5.64,32.897
58:05.0,-116.28,-17.32,4.71,28.077
58:06.0,-119.63,-17.38,2.06,24.682
58:07.0,-120.69,-17.52,1.61,27.253
58:08.0,-119.48,-16.77,2.73,26.294
58:09.0,-119.54,-16.73,3.24,19.328
58:10.0,-115.78,-17.62,5.35,26.665
58:11.0,-115.21,-16.73,6.41,28.114
58:12.0,-115.86,-16.97,5.52,21.359
58:13.0,-116.91,-18.02,4.63,25.129
58:14.0,-118.96,-19.29,2.65,26.978
58:15.0,-118.64,-18.48,3.13,25.221
58:16.0,-118.94,-18.56,2.83,25.324
58:17.0,-119.9,-18.28,1.45,26.076
58:18.0,-119.23,-17.84,3.14,25.112
58:19.0,-116.73,-18.11,4.48,25.539
58:20.0,-117.46,-19.01,3.93,27.875
58:21.0,-118.51,-19.11,3.92,23.328
58:22.0,-117.2,-19.95,4.49,27.844
58:23.0,-117.46,-20.24,3.64,26.547
58:24.0,-119.21,-17.19,3.71,24.16
58:25.0,-115.57,-18.15,5.87,29.641
58:26.0,-116.45,-17.54,5.05,29.458
58:27.0,-111.1,-17.25,9.01,45.456
58:28.0,-113.15,-17.02,7.4,35.954
58:29.0,-107.54,-18.08,11.49,51.932
58:30.0,-111.71,-17.95,8.89,47.109
58:31.0,-109.32,-17.67,11.06,51.221
58:32.0,-112.68,-17.48,8.21,44.449
58:33.0,-115.18,-17.56,6.52,33.333
58:34.0,-112.49,-16.77,8.99,42.99
58:35.0,-113.96,-17.79,7.54,43.925
58:36.0,-115.88,-15.44,7.3,30.887
58:37.0,-115.73,-14.1,6.49,28.034
58:38.0,-114.35,-13.72,5.92,23.3
58:39.0,-113.27,-13.73,6.93,27.17
58:40.0,-112.38,-14.61,7.41,28.322
58:41.0,-110.87,-14.59,8.97,32.754
58:42.0,-109.48,-13.82,10.15,33.036
58:43.0,-108.33,-13.76,11.05,30.184
58:44.0,-107.47,-14.66,10.85,41.963
58:45.0,-106.18,-13.92,12.01,45.471
58:46.0,-108.19,-13.84,10.36,42.486
58:47.0,-106.77,-13.88,11.33,44.603
58:48.0,-108.21,-13.73,9.75,35.299
58:49.0,-107.97,-13.43,9.59,27.137
58:50.0,-104.89,-11.5,12.62,28.68
58:51.0,-105.84,-13.7,12.07,41.169
58:52.0,-104.25,-13.75,12.41,42.832
58:53.0,-104.07,-13.34,12.93,43.803
58:54.0,-104.16,-13.46,11.81,39.75
58:55.0,-105.4,-13.69,10.29,37.993
58:56.0,-105.05,-13.54,11.09,38.826
58:57.0,-102.95,-13.74,12.29,40.969
58:58.0,-98.99,-13.8,15.54,50.958
58:59.0,-95.3,-13.59,18.4,61.71
59:00.0,-99.77,-13.98,16.21,54.397
59:01.0,-100.68,-13.33,15.84,48.941
59:02.0,-99.87,-13.74,16.44,48.303
59:03.0,-95.32,-13.6,20.27,68.969
59:04.0,-91.86,-13.05,21.93,97.58
59:05.0,-90.7,-12.59,21.3,73.499
59:06.0,-93.69,-12.09,19.1,56.108
59:07.0,-95.08,-13,17.03,56.386
59:08.0,-95.49,-13.24,16.82,53.111
59:09.0,-95.54,-13.54,16.12,48.962
59:10.0,-97.8,-13.51,13.92,49.783
59:11.0,-97.62,-14.19,10.25,43.835
59:12.0,-94.4,-13.92,14.3,40.259
59:13.0,-94.38,-13.75,13.98,42.675
59:14.0,-93.46,-13.4,14.69,53.143
59:15.0,-92.46,-13.03,14.35,49.916
59:16.0,-91.4,-13.34,15.16,61.546
59:17.0,-90.73,-13.33,16.23,52.764
59:18.0,-90.57,-13.08,15.81,66.674
59:19.0,-89.73,-12.93,16.34,60.64
59:20.0,-90.47,-13.05,15.48,56.699
59:21.0,-91.49,-13.39,15.92,66.211
59:22.0,-89.65,-13.91,16.73,58.184
59:23.0,-91.34,-13.54,16.34,58.994
59:24.0,-90.23,-13.32,16.73,56.096
59:25.0,-90.49,-13.23,16.98,61.65
59:26.0,-89.95,-13.47,18.48,74.897
59:27.0,-90.84,-13.46,17.76,66.199
59:28.0,-92.11,-13.31,17.19,70.389
59:29.0,-90.85,-13.54,19.82,67.651
59:30.0,-92.76,-13.07,19.01,68.607
59:31.0,-93.09,-12.85,19.04,69.153
59:32.0,-95.41,-13.02,17.33,54.911
59:33.0,-96.55,-12.72,17,56.708
59:34.0,-96.66,-12.5,16.8,52.196
59:35.0,-96.98,-12.36,17.17,50.825
59:36.0,-95.22,-12.07,16.49,55.113
59:37.0,-91.83,-12.58,18.05,70.468
59:38.0,-92.61,-12.24,16.49,67.54
59:39.0,-89.61,-13.19,17.96,64.739
59:40.0,-90.66,-12.07,15.29,64.727
59:41.0,-91.03,-11.89,17.4,54.517
59:42.0,-90.26,-12.56,15.25,60.491
59:43.0,-92.06,-12.2,15.44,51.688
59:44.0,-92.33,-12.19,16.56,50.416
59:45.0,-94.71,-13.07,15.21,39.276
59:46.0,-94.57,-13.48,15.72,41.325
59:47.0,-96.93,-13.18,13.99,50.601
59:48.0,-97.48,-13.6,14.01,47.425
59:49.0,-94.05,-14.25,15.99,59.495
59:50.0,-89.26,-14.17,19.65,90.629
59:51.0,-89.19,-14.05,20.1,92.201
59:52.0,-89.06,-13.45,20.64,108.246
59:53.0,-90.84,-13.62,19.74,98.302
59:54.0,-92.3,-13.17,20,82.981
59:55.0,-92.57,-13.44,19.83,76.131
59:56.0,-92.42,-13.68,19.73,82.219
59:57.0,-93.04,-13.75,19.44,81.715
59:58.0,-94.07,-14.04,18.39,70.718
59:59.0,-93.53,-13.46,18.41,70.017
00:00.0,-94.11,-13.58,19,72.992
00:01.0,-92.42,-13.66,19.85,92.044
00:02.0,-92.77,-13.46,17.74,76.795
00:03.0,-92.58,-13.85,19.77,88.158
00:04.0,-93.54,-13.79,19.82,87.164
00:05.0,-94.46,-13.63,18.81,72.01
00:06.0,-95.23,-13.6,17.93,63.772
00:07.0,-95.02,-13.6,18.67,77.889
00:08.0,-93.66,-13.24,19,81.866
00:09.0,-92.06,-12.92,19.65,79.301
00:10.0,-92.7,-12.56,19.28,74.948
00:11.0,-94.17,-12.8,17.59,61.906
00:12.0,-95.34,-12.67,16.66,61.029
00:13.0,-93.85,-13.41,17.8,64.555
00:14.0,-97.3,-12.7,15.11,50.819
00:15.0,-97.84,-12.76,13.95,49.157
00:16.0,-97.6,-13.13,13.8,51.153
00:17.0,-96.43,-12.86,14.24,52.507
00:18.0,-97.29,-13.15,14.27,50.552
00:19.0,-96.8,-13.49,14.55,50.758
00:20.0,-96.98,-13.21,13.7,49.145
00:21.0,-96.3,-12.85,13.66,48.75
00:22.0,-96.21,-12.52,13.12,43.805
00:23.0,-95.05,-12.38,14.15,47.182
00:24.0,-93.83,-11.96,14.64,47.876
00:25.0,-95.45,-12.08,12.49,40.811
00:26.0,-96.13,-15.94,11.72,44.726
00:27.0,-95.81,-16.79,11.22,45.419
00:28.0,-96.36,-17.03,11.1,47.984
00:29.0,-94.56,-16.45,12.42,53.96
00:30.0,-93.33,-16.27,13.25,58.657
00:31.0,-93.99,-16.47,12.3,58.787
00:32.0,-95.16,-16.74,11.94,64.462
00:33.0,-94.03,-16.96,13.03,68.39
00:34.0,-94.26,-17.11,13.49,62.099
00:35.0,-93.54,-16.97,13.53,74.838
00:36.0,-96.09,-17.23,13.33,67.889
00:37.0,-96.08,-17.59,13.05,67.513
00:38.0,-97.3,-17.25,12.05,57.205
00:39.0,-97.79,-17.18,11.78,52.837
00:40.0,-98.04,-17.59,11.69,51.303
00:41.0,-98.27,-18.17,10.74,48.718
00:42.0,-96.6,-18.02,12.79,56.283
00:43.0,-97.72,-17.48,12.15,50.577
00:44.0,-98.88,-16.92,11.99,46.45
00:45.0,-96.37,-16.35,13.18,49.232
00:46.0,-95.03,-16.99,12.96,53.359
00:47.0,-95.13,-15.96,13.6,53.06
00:48.0,-95.3,-16.13,14.32,60.324
00:49.0,-95,-16.44,14.85,61.431
00:50.0,-93.44,-16.12,15.36,66.933
00:51.0,-93.42,-15.55,15.41,72.344
00:52.0,-93.21,-15.24,16.55,75.242
00:53.0,-91.06,-15.88,16.86,76.745
00:54.0,-93.68,-14.75,16.05,66.037
00:55.0,-91.21,-14.95,17.07,72.828
00:56.0,-93.21,-14.03,16.04,61.818
00:57.0,-94.59,-13.13,16,62.001
00:58.0,-90.9,-13.38,17.4,66.427
00:59.0,-89.9,-12.68,17.59,80.539
01:00.0,-89.01,-13.51,17.83,78.744
01:01.0,-88.67,-13.22,17.89,73.02
01:02.0,-88.22,-14.04,17.28,71.051
01:03.0,-84.69,-14.01,18.88,82.767
01:04.0,-80.19,-14.27,21.76,129.263
01:05.0,-85.71,-14.67,18.83,73.738
01:06.0,-87.76,-14.2,16.72,73.998
01:07.0,-85.86,-13.84,19.12,87.449
01:08.0,-89.1,-13.49,19.37,96.204
01:09.0,-89.04,-13.59,19.41,87.891
01:10.0,-89.69,-13.72,19.2,88.253
01:11.0,-89.64,-13.23,19.59,85.333
01:12.0,-89.71,-13.53,19.43,85.658
01:13.0,-91.07,-13.18,19.18,74.245
01:14.0,-91.37,-13.99,18.2,70.497
01:15.0,-89.86,-14.1,18.65,78.53
01:16.0,-89.63,-13.49,18.73,75.832
01:17.0,-88.17,-13.56,19.49,78.773
01:18.0,-87.51,-13.59,19.93,75.741
01:19.0,-89.61,-13.8,18.15,69.603
01:20.0,-90.75,-13.97,19.17,73.66
01:21.0,-90.46,-13.65,20.14,69.778
01:22.0,-87.57,-13.65,21.23,85.92
01:23.0,-89.85,-12.28,19.22,62.901
01:24.0,-90.52,-12.42,20.09,71.565
01:25.0,-93.06,-12.64,18.41,66.065
01:26.0,-92.22,-12.59,18.95,59.855
01:27.0,-90.98,-12.38,19.57,59.425
01:28.0,-88.03,-12.7,19.56,58.242
01:29.0,-87.71,-11.39,20.19,59.42
01:30.0,-87.67,-10.86,20.32,56.737
01:31.0,-85.5,-9.75,21.65,53.706
01:32.0,-84.06,-9.23,21.94,53.09
01:33.0,-81.53,-8.82,23.36,61.238
01:34.0,-80.76,-10.07,23.82,69.773
01:35.0,-80.01,-11.24,23.83,72.3
01:36.0,-76.34,-11.34,23.91,78.607
01:37.0,-80,-11.48,24.15,73.556
01:38.0,-70.69,-12,26.83,123.424
01:39.0,-71.41,-11.66,23.73,98.144
01:40.0,-68.41,-11.93,24.97,114.524
01:41.0,-69.53,-11.72,27.14,123.303
01:42.0,-72.43,-11.18,25.96,95.21
01:43.0,-74.92,-10.63,22.3,63.411
01:44.0,-81.54,-10.92,22.04,57.884
01:45.0,-85.77,-9.83,19.59,41.555
01:46.0,-80.76,-9.6,23.11,55.271
01:47.0,-77.78,-8.98,23.83,47.585
01:48.0,-76.23,-8.3,24.3,41.912
01:49.0,-77.74,-7.44,23.62,39.967
01:50.0,-86.01,-7.56,20.02,29.689
01:51.0,-84.6,-6.73,22.15,23.28
01:52.0,-79.25,-7.92,24.82,43.267
01:53.0,-77.55,-10.29,23.59,66.874
01:54.0,-79.43,-10.28,24.03,68.917
01:55.0,-78.3,-10.72,24.03,62.908
01:56.0,-79.77,-9.74,25.09,61.763
01:57.0,-85.97,-9.83,20.6,40.166
01:58.0,-83.32,-8.36,21.2,32.725
01:59.0,-75.4,-7.13,23.09,41.266
02:00.0,-75.64,-6.87,23.63,46.634
02:01.0,-78.17,-7.29,21.43,34.433
02:02.0,-77.6,-9.34,21.95,46.123
02:03.0,-84.4,-11.52,14.11,30.487
02:04.0,-84.69,-12.01,14.4,34.058
02:05.0,-83.27,-11.82,15.13,35.621
02:06.0,-82.4,-11.6,15.66,35.905
02:07.0,-86.87,-11.87,12.31,29.02
02:08.0,-87.56,-11.13,13.3,27.76
02:09.0,-86.72,-12.77,13.79,36.779
02:10.0,-85.96,-12.55,14.48,44.674
02:11.0,-84.1,-12.63,15.64,43.93
02:12.0,-81.28,-14.78,16.43,53.599
02:13.0,-80.85,-15.07,17.11,60.48
02:14.0,-87.63,-12.67,10.97,38.745
02:15.0,-86.06,-14.03,15.63,45.998
02:16.0,-89.87,-12.33,13.45,34.846
02:17.0,-90.9,-11.84,12.94,32.748
02:18.0,-89.4,-10.38,12.63,24.206
02:19.0,-89.03,-11.33,14.39,34.515
02:20.0,-90.25,-10.46,16.16,32.615
02:21.0,-91.84,-10.25,15.61,34.494
02:22.0,-91.12,-10.1,15.4,28.38
02:23.0,-91.35,-10.42,14.12,27.067
02:24.0,-90.28,-9.74,14.96,25.667
02:25.0,-88.81,-10.58,16.58,36.343
02:26.0,-90.77,-11.72,14.97,43.145
02:27.0,-90.06,-11.09,14.97,38.255
02:28.0,-85.78,-11.01,18.09,54.958
02:29.0,-83.33,-11.45,17.86,55.179
02:30.0,-84.87,-11.21,17.23,52.823
02:31.0,-87.75,-12.25,15.41,51.101
02:32.0,-87.54,-12.09,17.44,52.743
02:33.0,-89.26,-12.21,18.13,57.641
02:34.0,-88.04,-11.88,17.27,48.039
02:35.0,-86.69,-11.39,19.01,54.162
02:36.0,-90.57,-11.49,15.92,47.719
02:37.0,-89.54,-11.58,16.31,55.679
02:38.0,-89.93,-11.46,17.18,57.849
02:39.0,-87.23,-12.95,18.95,74.104
02:40.0,-91.87,-11.88,15.95,57.857
02:41.0,-90.12,-11.56,18.29,57.34
02:42.0,-89.39,-11.12,19.03,66.941
02:43.0,-86.12,-11.37,21.05,69.968
02:44.0,-85.27,-11.78,20.51,72.467
02:45.0,-86.98,-11.74,17.14,65.544
02:46.0,-86.98,-11.72,17.05,63.834
02:47.0,-86.56,-12.07,18.15,64.665
02:48.0,-85.47,-12.22,19.98,72.96
02:49.0,-85.48,-11.58,19.44,63.639
02:50.0,-86.93,-10.3,19.9,51.324
02:51.0,-88.32,-10.74,19.27,63.427
02:52.0,-88.17,-10.57,19.02,58.865
02:53.0,-89.52,-10.51,18.13,51.23
02:54.0,-93.38,-10.61,16.22,47.685
02:55.0,-96.02,-10.68,13.85,38.672
02:56.0,-97.02,-10.93,13.78,36.2
02:57.0,-96.13,-10.17,14,34.378
02:58.0,-96.19,-9.19,14.23,32.293
02:59.0,-94.18,-8.31,15.7,34.24
03:00.0,-91.56,-7.55,18.15,38.232
03:01.0,-93.2,-12.49,17.01,50.858
03:02.0,-89.13,-13.84,19.76,71.123
03:03.0,-88.02,-13.31,19.78,98.871
03:04.0,-92.82,-13.5,16.09,59.321
03:05.0,-94.06,-14.35,14.81,53.925
03:06.0,-96.22,-13.31,13.57,42.974
03:07.0,-93.58,-13.93,15.56,51.452
03:08.0,-95.69,-13.58,14.19,46.477
03:09.0,-96.79,-13.62,13.2,42.934
03:10.0,-96.65,-13.22,12.38,41.969
03:11.0,-94.04,-12.26,13.7,35.71
03:12.0,-90.48,-12.86,15.04,46.022
03:13.0,-88.68,-11.97,16.16,45.26
03:14.0,-88.92,-11.49,16.31,45.523
03:15.0,-86.8,-11.48,18.19,56.866
03:16.0,-84.98,-10.66,19.9,55.167
03:17.0,-79.24,-11.5,21.21,100.674
03:18.0,-84.5,-10.82,18.48,61.085
03:19.0,-85.82,-11.56,17.31,51.325
03:20.0,-83.43,-12.18,17.04,53.186
03:21.0,-83.42,-13.64,17.51,65.246
03:22.0,-84.26,-16.27,16.65,69.943
03:23.0,-82.67,-15.89,17.47,70.716
03:24.0,-82.73,-16.1,18.01,69.48
03:25.0,-83.51,-15.55,19.09,64.938
03:26.0,-84.08,-15.13,17.87,67.653
03:27.0,-85.05,-15.14,19.34,78.21
03:28.0,-83.9,-15.34,20.17,77.447
03:29.0,-86.66,-15.63,17.03,59.168
03:30.0,-87.61,-15.61,17.63,61.343
03:31.0,-88.28,-15.15,17.38,58.394
03:32.0,-89.78,-15.01,15.59,48.518
03:33.0,-91.38,-14.36,13.71,42.292
03:34.0,-91.63,-14.27,13.35,45.971
03:35.0,-92.05,-15.05,13.27,43.289
03:36.0,-91.98,-15.15,12.38,43.54
03:37.0,-92.55,-15.32,11.65,43.102
03:38.0,-94.12,-15.15,11.01,39.944
03:39.0,-93.5,-15.53,12.57,45.487
03:40.0,-95.17,-14.39,11.46,37.133
03:41.0,-96.86,-14.78,10.35,34.423
03:42.0,-97.84,-14.19,10.33,34.092
03:43.0,-97.43,-14.89,10.09,30.766
03:44.0,-93.38,-11.36,15.28,37.034
03:45.0,-92.8,-12.4,15.96,39.884
03:46.0,-92.25,-11.68,17.93,46.929
03:47.0,-93.44,-11.11,16.81,43.085
03:48.0,-93.63,-10.69,16.86,39.69
03:49.0,-93.79,-9.69,17.82,37.336
03:50.0,-92.82,-9.15,19.07,38.341
03:51.0,-92.84,-8.61,19.06,35.633
03:52.0,-88.6,-9.74,22.16,55.326
03:53.0,-91.04,-11.39,20,49.724
03:54.0,-85.67,-11.89,23.65,70.167
03:55.0,-89.16,-11.74,21.69,77.96
03:56.0,-90.81,-11.55,20.97,64.372
03:57.0,-94.54,-11.64,17.6,38.034
03:58.0,-94.91,-11.91,18.07,50.983
03:59.0,-93.81,-12.11,20.16,61.667
04:00.0,-93.22,-11.98,20.65,73.333
04:01.0,-92.47,-12.02,20.82,71.623
04:02.0,-92.11,-12.22,21.66,81.582
04:03.0,-92.72,-11.99,21.13,70.476
04:04.0,-92.48,-11.49,21.5,81.897
04:05.0,-93.22,-11.31,20.28,69.568
04:06.0,-96.17,-11.38,19.22,60.636
04:07.0,-92.85,-11.1,21.05,63.894
04:08.0,-93.19,-11.14,20.51,63.861
04:09.0,-93.58,-11.04,20.88,68.621
04:10.0,-93.77,-10.87,21.01,67.964
04:11.0,-93.13,-10.08,21.43,58.93
04:12.0,-94.39,-9.82,20.64,60.384
04:13.0,-94.07,-10.03,20.73,54.548
04:14.0,-91.78,-10.02,22.04,61.93
04:15.0,-91.7,-9.53,22.2,64.561
04:16.0,-91.36,-8.41,21.59,55.054
04:17.0,-91.69,-8.66,21.72,58.902
04:18.0,-90.57,-8.36,22.53,55.761
04:19.0,-90.54,-8.03,23.28,61.467
04:20.0,-87.79,-10.15,24.15,76.717
04:21.0,-88.62,-10.67,23.93,76.359
04:22.0,-89.39,-10.42,23.65,75.511
04:23.0,-91.07,-10.31,23.3,74.718
04:24.0,-95.55,-10.95,20.18,59.346
04:25.0,-96.58,-11.67,19.41,66.955
04:26.0,-94.32,-11.61,21.39,80.4
04:27.0,-93.96,-11.91,20.34,71.108
04:28.0,-95.08,-11.68,19.58,66.386
04:29.0,-94.76,-11.65,20.29,60.415
04:30.0,-93.58,-11.57,21.41,77.685
04:31.0,-95.34,-11.92,20.15,72.754
04:32.0,-96.44,-11.89,19.34,71.3
04:33.0,-97.63,-11.78,18.52,63.404
04:34.0,-97.13,-12.13,18.38,58.009
04:35.0,-95.19,-12.07,19.94,66.225
04:36.0,-97.31,-11.78,18,51.16
04:37.0,-97.69,-11.6,17.37,53.724
04:38.0,-96.09,-11.7,19.02,53.332
04:39.0,-96.08,-11.5,18.57,57.245
04:40.0,-93.86,-11.35,19.4,63.061
04:41.0,-92.79,-11.24,19.28,66.467
04:42.0,-91.8,-11.16,20,67.831
04:43.0,-92.18,-11.02,18.84,57.768
04:44.0,-91.76,-11.34,19.35,66.212
04:45.0,-92.82,-11.37,19.29,62.467
04:46.0,-95.01,-10.89,18.11,50.456
04:47.0,-93.98,-11.85,18.37,55.433
04:48.0,-96.57,-11.27,16.11,45.722
04:49.0,-94.8,-11.1,16.28,57.455
04:50.0,-95.08,-10.44,18.62,59.683
04:51.0,-93.41,-10.52,20.86,70.948
04:52.0,-93.16,-10.42,20.32,78.422
04:53.0,-96,-10.65,18.17,62.681
04:54.0,-98.36,-11.09,17.07,58.916
04:55.0,-98.94,-11.94,16.61,57.263
04:56.0,-97.71,-11.3,16.41,50.405
04:57.0,-98.25,-11.35,16.79,51.15
04:58.0,-97.93,-11.17,16.74,48.703
04:59.0,-98.01,-10.26,16.82,48.326
05:00.0,-98.41,-12.24,16.53,52.804
05:01.0,-97.65,-12.11,17.64,63.011
05:02.0,-97.4,-12.33,17.98,72.462
05:03.0,-97.4,-12.3,17.9,67.065
05:04.0,-97.69,-12.48,17.88,63.06
05:05.0,-97.52,-12.86,17.66,65.986
05:06.0,-99.83,-12.05,16.71,50.925
05:07.0,-96.72,-12.66,16.53,54.01
05:08.0,-98.16,-11.8,11.87,37.818
05:09.0,-95.26,-11.57,17.9,48.929
05:10.0,-98.04,-9.73,15.82,40.788
05:11.0,-93.84,-8.83,18.86,43.978
05:12.0,-92.09,-9.21,21.05,60.445
05:13.0,-87.52,-12.04,23.34,76.255
05:14.0,-93.87,-11.58,19.04,53.139
05:15.0,-96.08,-12.41,19.29,54.591
05:16.0,-96.26,-11.91,19,56.057
05:17.0,-99.24,-12.21,16.58,44.86
05:18.0,-92.41,-13.01,20.71,61.752
05:19.0,-91.53,-11.01,20.44,45.257
05:20.0,-89.97,-11.27,21.48,52.757
05:21.0,-91.96,-10.68,18.92,46.306
05:22.0,-96.06,-10.23,17.08,39.818
05:23.0,-93.34,-9.11,18.5,39.535
05:24.0,-94.03,-8.84,18.25,40.734
05:25.0,-96.19,-8.09,15.68,30.878
05:26.0,-96.18,-8.65,14.96,31.354
05:27.0,-101.85,-12.22,11.18,34.787
05:28.0,-105.01,-12.57,8.25,29.224
05:29.0,-106.23,-13.01,7.3,26.153
05:30.0,-106.47,-12.27,7.22,22.918
05:31.0,-108.91,-12.93,4.75,17.463
05:32.0,-108.64,-13.45,4.03,15.673
05:33.0,-106.38,-13.97,5.05,34.899
05:34.0,-100.95,-17.76,11.26,58.12
05:35.0,-101.06,-18.48,10.31,49.33
05:36.0,-100.4,-18.61,10.58,55.971
05:37.0,-101.2,-18.58,10.03,53.826
05:38.0,-100.02,-18.21,10.21,60.644
05:39.0,-102.11,-18.56,9.13,56.989
05:40.0,-101.32,-18.01,8.8,49.687
05:41.0,-100.06,-17.43,8.2,46.553
05:42.0,-99.32,-18.27,8.04,51.123
05:43.0,-95.26,-18.42,11.16,63.432
05:44.0,-98.39,-18.89,8.57,53.764
05:45.0,-98.21,-17.69,8.47,54.595
05:46.0,-95.65,-17.51,10.39,57.99
05:47.0,-94.5,-16.68,10.99,61.457
05:48.0,-94.51,-17.26,11.39,60.306
05:49.0,-95.93,-17.34,10.27,59.105
05:50.0,-95.84,-16.2,10.16,49.816
05:51.0,-94.63,-16.17,9.49,57.202
05:52.0,-95.24,-15.7,8.96,51.796
05:53.0,-92.93,-16.47,10.46,61.612
05:54.0,-92.35,-15.21,10.32,60.863
05:55.0,-92.92,-14.94,10.36,55.517
05:56.0,-95.47,-15.97,7.01,48.347
05:57.0,-87.02,-16.71,12.05,69.032
05:58.0,-89.83,-14.95,10.74,60.202
05:59.0,-90.49,-14.33,10.93,55.858
06:00.0,-89.16,-13.8,11.91,59.023
06:01.0,-90.38,-13.93,11.17,49.599
06:02.0,-89.89,-12.96,11.47,49.791
06:03.0,-86.54,-16.72,13.82,66.194
06:04.0,-83.65,-18.61,14.52,82.302
06:05.0,-86.69,-18.64,13.51,93.465
06:06.0,-86.87,-18.55,13.44,92.961
06:07.0,-85.26,-18.58,14.93,107.249
06:08.0,-79.38,-19.45,12.95,89.706
06:09.0,-71.72,-19.99,18.89,131.805
06:10.0,-74.51,-19.67,19.73,145.976
06:11.0,-76.15,-20.11,19.48,149.781
06:12.0,-85.47,-17.99,16.45,93.54
06:13.0,-83.27,-18.25,15.52,111.932
06:14.0,-88.53,-16.26,14.78,76.02
06:15.0,-84.19,-13.33,17.06,82.046
06:16.0,-77.44,-17.24,18.23,132.396
06:17.0,-78.2,-14.44,16.1,98.699
06:18.0,-80.04,-16.18,17.24,123.482
06:19.0,-81.96,-14.12,15.73,70.686
06:20.0,-83.73,-15.3,15.64,73.288
06:21.0,-82.79,-15.94,17.27,75.933
06:22.0,-77.39,-15.53,18.1,80.591
06:23.0,-79.05,-15.06,16.97,85.047
06:24.0,-81.26,-14.82,16.83,86.638
06:25.0,-80.85,-15.38,17.52,92.2
06:26.0,-79.44,-14.32,17.66,80.462
06:27.0,-80.17,-14.07,18.67,102.241
06:28.0,-78.92,-14.15,19.08,78.884
06:29.0,-76.95,-13.45,20.33,97.377
06:30.0,-79.33,-12.51,20.67,105.586
06:31.0,-79.75,-11.88,20.92,95.938
06:32.0,-81.74,-12.6,17.57,80.006
06:33.0,-74.54,-11.02,21.56,91.679
06:34.0,-74.43,-12.27,22.06,97.143
06:35.0,-81.77,-12.99,19.64,92.536
06:36.0,-82.73,-13.43,19.71,85.099
06:37.0,-84.59,-12.49,19.01,95.958
06:38.0,-80.43,-11.81,21.31,96.85
06:39.0,-74.61,-11.78,23.62,114.816
06:40.0,-77.28,-11.71,20.95,101.684
06:41.0,-75.63,-11.44,22.76,111.108
06:42.0,-71.94,-11.25,24.47,86.09
06:43.0,-72.13,-11.66,23.94,79.074
06:44.0,-78.26,-11.85,20.63,78.783
06:45.0,-80.66,-11.44,20.01,76.426
06:46.0,-79.75,-11.75,22,85.868
06:47.0,-81.02,-11.81,19.81,107.377
06:48.0,-82.24,-11.82,18.05,66.441
06:49.0,-80.26,-12.47,20.86,79.034
06:50.0,-81.87,-12.09,20.06,78.488
06:51.0,-80.43,-11.75,21.52,85.268
06:52.0,-82.48,-11.28,21.64,76.503
06:53.0,-82.78,-11.95,20.9,75.903
06:54.0,-82.66,-12.15,19.98,70.592
06:55.0,-78.88,-11.55,21.58,96.309
06:56.0,-79.7,-11.15,21.64,103.372
06:57.0,-87.34,-11.46,19.93,70.059
06:58.0,-86.06,-11.97,20.5,78.082
06:59.0,-93.07,-10.97,14.09,42.939
07:00.0,-93.8,-11.4,12.37,38.527
07:01.0,-94.84,-10.96,13.21,39.297
07:02.0,-94.68,-11.99,12.46,39.03
07:03.0,-92.29,-13.41,13.36,48.558
07:04.0,-90.53,-13.59,15.28,56.112
07:05.0,-89.34,-13.35,15.71,55.183
07:06.0,-87.25,-13.16,17.45,75.885
07:07.0,-81.15,-13.59,19.52,89.938
07:08.0,-80.25,-12.51,20.99,109.962
07:09.0,-82.11,-12.09,19.63,82.709
07:10.0,-80.94,-12.47,21.95,87.233
07:11.0,-83.77,-12.45,20.62,79.762
07:12.0,-87.65,-12.02,18.6,66.058
07:13.0,-87.14,-12.2,18.7,71.854
07:14.0,-87.37,-11.21,18.62,73.766
07:15.0,-89.76,-10.82,16.7,57.87
07:16.0,-89.28,-10.53,16.72,53.846
07:17.0,-88.98,-9.86,16.1,45.772
07:18.0,-87.9,-9.7,16.13,42.874
07:19.0,-88.18,-8.88,15.2,37.011
07:20.0,-86.55,-8.27,17.66,42.683
07:21.0,-85.52,-9.63,17.74,44.384
07:22.0,-83.9,-11.22,20.18,62.665
07:23.0,-81.36,-12.24,21.48,75.79
07:24.0,-82.37,-11.25,20.13,72.592
07:25.0,-80.45,-11.69,21.94,88.925
07:26.0,-78.67,-12.13,22.1,84.994
07:27.0,-80.31,-11.34,18.72,77.52
07:28.0,-78.39,-10.93,21.44,80.024
07:29.0,-80.13,-10.2,21.18,81.421
07:30.0,-79.41,-9.85,21.36,80.263
07:31.0,-76.52,-10.04,23.95,90.771
07:32.0,-81.44,-8.54,20.85,63.846
07:33.0,-82.61,-8.26,20.05,55.066
07:34.0,-85.24,-8.63,17.88,54.153
07:35.0,-81.96,-8.49,18.31,56.454
07:36.0,-82.66,-7.94,17.36,44.806
07:37.0,-83.64,-10.65,18.3,70.683
07:38.0,-85.11,-11,17.38,80.201
07:39.0,-83.44,-12.48,19.01,77.866
07:40.0,-86.19,-11.26,17.06,85.857
07:41.0,-87.19,-11.83,16.44,74.59
07:42.0,-85.09,-12.44,17.88,73.996
07:43.0,-84.84,-11.14,17.95,72.38
07:44.0,-84.82,-11.58,16.75,68.078
07:45.0,-85.07,-11.43,16.11,69.933
07:46.0,-83.43,-11.66,17.37,73.845
07:47.0,-79.5,-12.07,20.2,86.748
07:48.0,-82.81,-11.56,17.72,81.08
07:49.0,-83.84,-11.59,16.49,64.206
07:50.0,-85.05,-11.71,14.17,56.212
07:51.0,-86.89,-11.85,11.86,48.734
07:52.0,-89.9,-11.81,11.04,45.987
07:53.0,-92.93,-11.93,7.85,34.588
07:54.0,-95.33,-12.04,6.23,31.969
07:55.0,-95.61,-12.75,4.67,28.325
07:56.0,-95.69,-12.19,4.34,22.613
07:57.0,-95.49,-13.01,3.82,24.753
07:58.0,-93.92,-11.73,5.53,25.218
07:59.0,-94.5,-12.37,3.2,21.238
08:00.0,-94,-11.26,4.86,23.339
08:01.0,-93.19,-12.68,3.34,20.303
08:02.0,-91.32,-14.65,4.13,28.82
08:03.0,-90.26,-14.34,7.12,43.694
08:04.0,-85.82,-14.48,10.78,55.278
08:05.0,-87.12,-13.61,11.08,59.571
08:06.0,-87.65,-13.4,10.48,57.96
08:07.0,-80.21,-14.5,14.45,74.867
08:08.0,-83.75,-13.83,12.98,75.918
08:09.0,-79.13,-14.75,16.46,77.874
08:10.0,-78.89,-14.6,15.6,84.534
08:11.0,-82.92,-14.21,13.98,76.067
08:12.0,-85.87,-14.18,11.88,68.649
08:13.0,-89.87,-13.77,6.75,45.975
08:14.0,-90.78,-13.75,7.79,41.676
08:15.0,-90.04,-13.82,8.06,41.76
08:16.0,-89.02,-13.52,10.7,48.048
08:17.0,-88.16,-12.57,12.9,49.256
08:18.0,-91.21,-12.96,11.72,47.159
08:19.0,-93.01,-13.53,8.95,44.201
08:20.0,-94.31,-14.74,5.69,39.992
08:21.0,-95.93,-14.91,6.36,40.575
08:22.0,-96.47,-15.91,0.4,25.24
08:23.0,-99.07,-18.67,-5.47,20.073
08:23.6,,,,
08:24.0,-94.36,-14.97,7.64,45.294
08:25.0,-98.11,-15.58,3.96,30.298
08:26.0,-96.71,-15.53,4.46,31.957
08:27.0,-100.47,-17.19,0.58,23.021
08:27.3,,,,
08:28.0,-90.59,-15.39,10.27,46.471
08:29.0,-89.42,-15.08,10.33,60.153
08:30.0,-87.55,-14.77,9.32,55.866
08:31.0,-87.34,-15.51,13.09,65.658
08:32.0,-87.97,-14.45,7.89,56.662
08:33.0,-88.04,-14.41,11.72,62.286
08:34.0,-88.19,-13.64,15.6,69.035
08:35.0,-90.17,-14.4,11.4,64.337
08:36.0,-91.85,-14.37,15.44,65.025
08:37.0,-91.79,-14.75,13.74,66.27
08:38.0,-91.38,-14.83,9.48,62.604
08:39.0,-89.27,-13.98,11.45,68.443
08:40.0,-88.43,-14.8,13.21,67.14
08:41.0,-87.72,-14.62,10.66,66.813
08:42.0,-86.34,-14,10.74,65.645
08:43.0,-87.5,-14.22,9.84,63.314
08:44.0,-90.79,-12.9,10.06,53.571
08:45.0,-90.49,-13.65,8.04,53.65
08:46.0,-86.8,-15.76,9.4,71.892
08:47.0,-90.07,-13.95,9.61,66.107
08:48.0,-89.47,-14.05,10.79,66.262
08:49.0,-91.7,-14.41,10.08,65.487
08:50.0,-91.2,-14.26,11.39,66.069
08:51.0,-92.03,-13.78,9.23,60.356
08:52.0,-88.43,-14.12,14.41,79.479
08:53.0,-90.29,-13.81,11.78,72.742
08:54.0,-90.07,-13.63,13.18,75.791
08:55.0,-91.08,-14.2,12.57,65.427
08:56.0,-92.12,-14.04,11.72,59.536
08:57.0,-93.64,-13.26,11.34,54.994
08:58.0,-91.37,-13.06,13.48,64.931
08:59.0,-92.68,-12.8,13.12,57.065
09:00.0,-91.77,-12.4,13,56.34
09:01.0,-90.88,-12.3,12.5,51.225
09:02.0,-91.37,-12.23,14.11,55.474
09:03.0,-88.7,-12.04,16,66.983
09:04.0,-91.38,-11.72,13.01,48.701
09:05.0,-91.57,-10.84,13.15,45.518
09:06.0,-91.89,-11.13,12.89,47.011
09:07.0,-92.48,-11.35,9.78,36.441
09:08.0,-92.81,-10.58,10.06,36.044
09:09.0,-92.06,-9.88,12.55,39.05
09:10.0,-89.95,-9.75,10.29,27.894
09:11.0,-90.93,-11.61,12.74,44.301
09:12.0,-91.92,-12.47,12.27,48.502
09:13.0,-90.61,-13,13.87,54.792
09:14.0,-92.09,-11.81,12.39,39.566
09:15.0,-94.63,-12.97,7.39,36.865
09:16.0,-95.44,-13.87,3.38,25.989
09:17.0,-92.71,-13.31,7.69,27.414
09:18.0,-91.86,-12.88,8.87,41.429
09:19.0,-92.32,-13.32,4.78,32.054
09:20.0,-92.92,-13.15,6.48,27.102
09:21.0,-90.9,-13.2,6.45,34.218
09:22.0,-90.44,-13.09,7.74,42.2
09:23.0,-90.24,-13,9.04,41.584
09:24.0,-89.39,-12.46,10.15,44.782
09:25.0,-89.04,-12.65,9.46,42.892
09:26.0,-88.92,-12.54,9.41,42.548
09:27.0,-89.39,-12.08,8.45,30.702
09:28.0,-91.4,-12.73,7.01,23.405
09:29.0,-93.19,-11.93,6.67,17.557
09:30.0,-94.69,-12.12,6.03,17.233
09:31.0,-94.18,-11.98,6.44,17.787
09:32.0,-94.89,-11.53,7.38,16.944
09:33.0,-93.8,-11.22,8.1,17.845
09:34.0,-92.45,-10.77,8.8,24.832
09:35.0,-92.21,-9.98,9.63,30.237
09:36.0,-92.14,-9.77,9.27,27.424
09:37.0,-90.38,-9.32,9.9,26.572
09:38.0,-89.08,-11.41,10.19,39.272
09:39.0,-89.09,-11.74,9.9,40.732
09:40.0,-88,-12.34,10.73,45.71
09:41.0,-87.54,-12.35,10.7,45.64
09:42.0,-87.94,-12.74,9.57,43.885
09:43.0,-88.68,-12.33,8.87,39.453
09:44.0,-88.51,-12.07,10.98,43.174
09:45.0,-87.15,-12.45,12.04,48.49
09:46.0,-87.11,-12.17,12.13,47.834
09:47.0,-85.91,-11.51,14.78,52.573
09:48.0,-85.48,-11.67,15.41,54.382
09:49.0,-85.49,-11.43,15.89,55.591
09:50.0,-84.6,-10.95,17.17,57.77
09:51.0,-86.44,-11.01,17.15,57.722
09:52.0,-88.43,-11.08,14.93,54.886
09:53.0,-87.99,-11.58,14.45,52.221
09:54.0,-88.29,-11.18,13.19,46.066
09:55.0,-88.71,-10.85,13.75,44.633
09:56.0,-89.15,-11.24,14.06,50.707
09:57.0,-90.41,-10.76,14.19,49.178
09:58.0,-90.79,-11.01,13.18,46.209
09:59.0,-89.73,-11.49,14.76,54.708
10:00.0,-90.45,-11.45,12.8,48.767
10:01.0,-88.14,-11.43,10.99,43.642
10:02.0,-86.36,-11.39,13.25,48.875
10:03.0,-86.28,-11.53,13.28,49.384
10:04.0,-85.81,-11.56,13.97,51.699
10:05.0,-85.23,-11.35,14.72,53.362
10:06.0,-85.45,-11.4,13.45,52.095
10:07.0,-87.2,-12.04,9.91,43.125
10:08.0,-89.15,-12.39,11.07,48.353
10:09.0,-89.08,-12.54,13.61,52.519
10:10.0,-89.97,-11.58,13.57,53.575
10:11.0,-90.28,-12.01,14.1,56.179
10:12.0,-90.41,-12.17,14.34,57.923
10:13.0,-90.92,-12.3,12.59,55.948
10:14.0,-90.87,-11.69,13.24,53.222
10:15.0,-91.44,-12.03,13.2,53.245
10:16.0,-90.5,-12.48,12.27,52.196
10:17.0,-88.46,-12.46,11.97,53.419
10:18.0,-85.37,-12.25,14.95,64.157
